sample_id,trial,date,time,mass_pre,mass_post,d1_pre,d2_pre,ignition_delay,flame_duration,flame_height,d1_post,d2_post,vol_burned,max_temp,length,self_ignition,self_ig_start_time,notes
DCK03,b,08/12/2025,19:14:00,179.8,114.1,152.1,149.2,7,79,27,154,143.2,30,182,96,0,,
DCK05,nb,08/12/2025,19:10:00,186.3,162.3,151.8,142.8,18,12,10,138.1,123,3,138.1,101,0,,
DCK06,b,08/12/2025,19:33:00,205.2,136.4,152.2,149.9,8,22,33,166.4,160.1,5,166.4,91,0,,
DCK08,nb,08/12/2025,19:38:00,183.2,157.5,150,140.9,4,22,35,160.8,155,10,160.8,102,0,,
DCK12,nb,08/12/2025,19:25:00,238.1,122.8,146,144.1,10,140,23,178.2,167.7,70,199.2,84,0,,
DCK16,b,08/12/2025,19:42:00,223.1,158.7,149.6,144.8,1,31,27,185,158.9,35,213,105,0,,
DCK01,b,08/12/2025,18:51:00,262.6,116.3,146.4,144.4,1,114,48,197.3,199.8,95,338.7,88,0,,
DCK07,nb,08/12/2025,18:47:00,114.3,90.9,146,147.6,2,28,22,150.3,156.3,50,169,92,0,,
DCK11,b,08/12/2025,18:41:00,295.8,228.1,143.5,152,14,16,7,123.1,139.2,3,139.2,108,0,,
DCK04,nb,08/12/2025,18:12:00,273.3,216.2,141.2,143.1,8,1,3,131.2,130.8,2,131.2,123,0,,
DCK02,b,08/12/2025,18:17:00,274.9,216.4,151.6,144.7,10,1,3,144.2,129.7,2,149.2,95,0,,
DCK10,nb,08/12/2025,18:23:00,288.6,238.4,152.7,143.2,3,11,5,142.2,136.6,5,142.2,92,0,,
DCK09,b,08/12/2025,19:04:00,191.2,131.3,155,148.3,10,56,13,160.7,140.6,5,173.5,98,0,,
DCK15,nb,08/12/2025,18:59:00,171,142.3,147.4,141.6,2,16,16,149.4,132.4,15,149.9,86,0,,
DCK13,b,08/12/2025,18:27:00,300.8,228.7,141.4,149,14,28,13,134.6,128.5,5,134.6,96,0,,
DCK14,nb,08/12/2025,18:34:00,279,205.4,152.9,151.8,26,28,17,139.5,125.5,10,139.5,99,0,,
DCK17,b,08/13/2025,17:02:00,840.3,168.3,148.4,141.5,80,248,35,240,324.1,95,487.6,90,0,,
DCK19,b,08/133/2025,16:36:00,789.4,159.2,148.9,154.7,60,395,39,222,265.6,80,395.8,92,0,,
DCK21,nb,08/13/2025,16:51:00,550.3,126.5,142.4,143.3,72,212,24,290.5,244.8,85,395.5,93,0,,
DCK22,b,08/13/2025,16:16:00,974.5,786.2,147.3,147.7,15,85,8,126.8,123.9,3,126.8,100,1,18:48:15,self ignited during ignition process after two minutes preheating
DCK23,nb,08/13/2025,18:03:00,1025.7,109.5,150.6,139,65,408,28,365.4,282.1,95,487.9,101,0,,
DCK24,nb,08/13/2025,16:23:00,694.3,169.4,153.7,151.4,80,295,33,387.9,273.8,99,522.9,81,0,,
DCK20,nb,08/15/2025,19:51:00,433.9,248.5,139.5,143.1,32,90,13,127,165,35,216.3,90,0,,
DCK32,b,08/15/2025,19:57:00,522.3,123.5,148.8,141.6,45,380,27,220.8,186.2,90,271,97,0,,
DCK31,b,08/15/2025,20:20:00,465.2,205.6,145.2,146.8,50,241,32,166.1,189.1,50,251.1,101,0,,
DCK18,nb,08/15/2025,20:11:00,245.5,102.6,153.5,143.3,32,162,28,167.1,176.2,60,199.2,71,0,,
DCK29,nb,08/15/2025,20:29:00,710,311.7,149,151.8,50,222,29,146.6,259.1,35,268.4,87,0,,
DCK27,b,08/15/2025,20:39:00,637.1,212.3,150.2,153.1,40,320,31,236.5,256.2,85,406.4,82,0,,
DCK26,nb,08/15/2025,20:50:00,547.8,176.7,152.9,150.6,35,265,26,231.9,272.9,80,321.9,91,0,,
DCK30,nb,08/15/2025,21:26:00,438.8,122.2,152.3,143.8,60,400,24,191.8,272,90,333.4,77,0,,
DCK25,b,08/15/2025,21:17:00,415,148.1,149,138.9,60,195,31,226.3,217.9,50,291.5,89,0,,
DCK28,b,08/15/2025,21:01:00,658.3,107.6,141.5,151.1,45,541,30,263.2,219.6,95,325.5,100,0,,
DCK45a,nb,08/18/2025,18:07:00,147.9,136.7,135.3,135.2,1,6,6,127.8,118.1,2,127.8,45,0,,
DCK42a,nb,08/19/2025,15:50:00,96.1,76.4,133.6,150.8,1,20,17,150.9,152,30,170.8,57,0,,
DCK46b,nb,08/18/2025,17:53:00,133.1,127.1,142.7,150.4,1,32,10,139.2,150.8,50,151.3,27.5,0,,
DCK43b,b,08/18/2025,18:16:00,153.5,144.3,152.3,142,3,7,6,153.9,135.5,3,153.9,54,0,,
DCK45b,b,08/18/2025,17:44:00,148.5,142.9,140.8,132.1,1,17,6,144.7,142,33,144.7,41,0,,
DCK46a,nb,08/18/2025,17:49:00,163.2,143.5,144.7,144.8,1,40,12,131.7,150.7,44,150.7,42,0,,
DCK41a,b,08/18/2025,17:57:00,162.7,142.9,140.1,150.7,1,37,13,146,147.8,30,157.1,47,0,,
DCK42b,b,08/19/2025,16:46:00,131.8,119.1,152.7,144.4,2,20,11,156.6,151.5,5,156.6,49.5,0,,
DCK44b,b,08/18/2025,18:21:00,151.8,147.8,152.6,141.3,1,32,9,143.8,146.8,5,143.8,53,0,,
DCK43a,nb,08/18/2025,18:01:00,137.9,143.7,146.8,153.3,2,8,6,142.3,149.7,2,149.7,30,0,,
DCK37b,b,08/19/2025,14:09:00,195.8,143.3,151.9,150.9,72,70,35,155.1,143.4,5,147.7,62.5,0,,
DCK39b,b,08/19/2025,14:17:00,191.8,113.1,150.5,141.4,46,94,22,153.9,171.1,100,254.4,47,0,,
DCK33a,nb,08/19/2025,14:56:00,266.1,130.2,152.1,145.5,67,149,21,168.3,191.7,85,226.2,71,0,,
DCK37a,nb,08/19/2025,15:03:00,280.1,214.6,148.3,151.4,60,18,7,151.1,133.5,3,151.1,82,0,,
DCK39a,nb,08/19/2025,15:08:00,177.5,119.3,155.4,144.8,32,139,23,161.5,180.9,90,204.6,39,0,,
DCK36a,nb,08/19/2025,14:49:00,218.2,146.2,151.3,138.5,80,92,21,162.6,163.8,35,209.6,62,0,,
DCK36b,b,08/19/2025,14:23:00,259.8,160.3,152.7,151.8,30,110,22,150.6,159,40,166,63.5,0,,
DCK38b,b,08/19/2025,15:33:00,214.4,127.3,144.1,139,90,124,22,166.7,162.1,60,204.9,53,0,,
DCK40a,nb,08/19/2025,14:44:00,180.4,145.8,154.7,149.4,47,5,8,153.2,129.8,5,153.2,48,0,,
DCK34b,b,08/19/2025,15:41:00,155.1,122,147.1,139.5,39,59,18,154,155.5,50,201,33,0,,
DCK33b,b,08/19/2025,14:30:00,270.7,195,148.4,150.3,40,45,13,146.3,133.4,10,146.3,77,0,,
DCK34a,nb,08/19/2025,15:22:00,191.6,135,149.4,141,78,77,17,163,162.3,75,190.2,45,0,,
DCK40a,b,08/19/2025,14:36:00,207.9,118.6,151.4,134.8,14,176,23,154.9,164.8,90,227.9,70,0,,
DCK38a,nb,08/19/2025,15:17:00,201.8,161.7,148.3,131.2,60,35,8,157.2,138,3,157.2,50,0,,
DCK39a,nb,08/19/2025,15:28:00,202.1,159.8,134.7,147.1,78,15,6,140.4,135,5,140.4,74,0,,
DCK39b,b,08/19/2025,14:03:00,210,142.2,146.3,139.6,52,75,14,149.8,132.8,30,149.8,56,0,,
